[{"model": "ami.gigchoice", "pk": "BAG Drawer", "fields": {"gigDesc": "Top drawer of the wardrobe is organized with inspection items IAW SCLA. Hats are displayed in proper order and are clean.", "type": "Wardrobe/Bureau"}}, {"model": "ami.gigchoice", "pk": "Bed Made", "fields": {"gigDesc": "Bed is made IAW SCLA (2 sheets, gray blanket, green blanket). Bed sheets are tight and clean.", "type": "Bed Area"}}, {"model": "ami.gigchoice", "pk": "Bed Organized", "fields": {"gigDesc": "Pillow and green blanket folded neatly and correctly. Area beneath and behind bed is generally clean and organized.", "type": "Bed Area"}}, {"model": "ami.gigchoice", "pk": "Bureau", "fields": {"gigDesc": "Bureau is neat and organized.", "type": "Wardrobe/Bureau"}}, {"model": "ami.gigchoice", "pk": "Closet Organized", "fields": {"gigDesc": "Shoes organized and displayed as worn (# of shoes IAW SCLA; broom and dust pan stored neatly; top shelf clean.", "type": "Coat Closet"}}, {"model": "ami.gigchoice", "pk": "Desk Organized", "fields": {"gigDesc": "Desk area generally organized and clean. Books on shelf are organized in descending height order.", "type": "Desk Area"}}, {"model": "ami.gigchoice", "pk": "Desk/Shelves", "fields": {"gigDesc": "Desk area generally organized and clean. Books on shelf are organized in descending height order.", "type": "Desk Area"}}, {"model": "ami.gigchoice", "pk": "Devices", "fields": {"gigDesc": "Unauthorized devices (WAP, X-Box, etc\u2026) connected to network", "type": "Automatic Failure"}}, {"model": "ami.gigchoice", "pk": "Drawers", "fields": {"gigDesc": "Drawers are closed, clean and organized neatly.", "type": "Desk Area"}}, {"model": "ami.gigchoice", "pk": "HVI", "fields": {"gigDesc": "All HVIs secured.", "type": "General Area"}}, {"model": "ami.gigchoice", "pk": "Laundry/Towels", "fields": {"gigDesc": "Laundry stored in green bag, closed with the opening facing up. Towel and washcloth folded IAW SCLA.", "type": "Sink Area"}}, {"model": "ami.gigchoice", "pk": "Medicine Cabinet", "fields": {"gigDesc": "Medicine cabinet arranged neatly with no grime or smudges on shelves. Area beneath sink is neat and organized.", "type": "Sink Area"}}, {"model": "ami.gigchoice", "pk": "Misc. Items", "fields": {"gigDesc": "All items on desk and shelves are dusted, arranged neatly and do not detract from the military appearance of the room.", "type": "Desk Area"}}, {"model": "ami.gigchoice", "pk": "Nametapes", "fields": {"gigDesc": "Nametapes are placed correctly and IAW SCLA (door, desk, bookshelf, bed, rifle rack, inside sink cabinet, top right of bureau, and wardrobe).", "type": "General Area"}}, {"model": "ami.gigchoice", "pk": "Other 1", "fields": {"gigDesc": "-", "type": "Other"}}, {"model": "ami.gigchoice", "pk": "Other 2", "fields": {"gigDesc": "-", "type": "Other"}}, {"model": "ami.gigchoice", "pk": "Other 3", "fields": {"gigDesc": "-", "type": "Other"}}, {"model": "ami.gigchoice", "pk": "Rifle Rack", "fields": {"gigDesc": "Area is generally clean and swept. If Firstie, saber present with crest facing out. If underclassman, rifles are secured.", "type": "Coat Closet"}}, {"model": "ami.gigchoice", "pk": "Shoes/Boots", "fields": {"gigDesc": "Shoes and boots are aligned correctly, displayed as worn (applies if stored in wardrobe) and clean and serviceable.", "type": "Bed Area"}}, {"model": "ami.gigchoice", "pk": "Sink/Mirror", "fields": {"gigDesc": "Sink, faucet, mirror and counter top free of any grime or smudges; stopper pulled up and sink dry (for AMI only).", "type": "Sink Area"}}, {"model": "ami.gigchoice", "pk": "Sleeping", "fields": {"gigDesc": "Closed door or sleeping during AMI", "type": "Automatic Failure"}}, {"model": "ami.gigchoice", "pk": "Sweeping", "fields": {"gigDesc": "Floor is swept and all surfaces clean\u2014creating a professional military appearance.", "type": "General Area"}}, {"model": "ami.gigchoice", "pk": "Trash", "fields": {"gigDesc": "Trash can is clean with minimal garbage (<25% full). If appliances are displayed on counter, they must be IAW SCLA.", "type": "Sink Area"}}, {"model": "ami.gigchoice", "pk": "Uniforms (Coat Closet)", "fields": {"gigDesc": "All issued items present IAW Standards of Cadet Living Areas (SCLA)\u2014in order: Raincoat, Long-O, Dress Mess (females-optional), Parka, Black Jacket, Gortex, ACU Fleece, IPFU Jacket, Bathrobe. All items displayed as wo", "type": "Coat Closet"}}, {"model": "ami.gigchoice", "pk": "Uniforms (Wardrobe)", "fields": {"gigDesc": "All uniforms hanging in wardrobe IAW SCLA, (displayed as worn except for duplicates). Hangers canted towards the right and evenly spaced throughout wardrobe (only wooden hangers). Number of civilian shirts/items is IAW with class privileges.", "type": "Wardrobe/Bureau"}}, {"model": "ami.position", "pk": "Company Commander", "fields": {"leadershipLevel": "Company"}}, {"model": "ami.position", "pk": "MOS", "fields": {"leadershipLevel": null}}, {"model": "ami.position", "pk": "Other", "fields": {"leadershipLevel": null}}, {"model": "ami.position", "pk": "Platoon Leader", "fields": {"leadershipLevel": "Platoon"}}, {"model": "ami.position", "pk": "Squad Leader", "fields": {"leadershipLevel": "Squad"}}, {"model": "ami.position", "pk": "Staff", "fields": {"leadershipLevel": null}}, {"model": "ami.position", "pk": "Team Leader", "fields": {"leadershipLevel": "Team"}}, {"model": "ami.barracks", "pk": "Brad", "fields": {}}, {"model": "ami.barracks", "pk": "Davis", "fields": {}}, {"model": "ami.barracks", "pk": "Grant", "fields": {}}, {"model": "ami.barracks", "pk": "Lee", "fields": {}}, {"model": "ami.barracks", "pk": "Mac", "fields": {}}, {"model": "ami.barracks", "pk": "Pershing", "fields": {}}, {"model": "ami.barracks", "pk": "Scott", "fields": {}}, {"model": "ami.barracks", "pk": "Sherman", "fields": {}}, {"model": "ami.checklist", "pk": 1, "fields": {"inspectionID": 11, "gig": "Uniforms (Coat Closet)"}}, {"model": "ami.checklist", "pk": 2, "fields": {"inspectionID": 11, "gig": "Rifle Rack"}}, {"model": "ami.checklist", "pk": 3, "fields": {"inspectionID": 11, "gig": "Closet Organized"}}, {"model": "ami.checklist", "pk": 4, "fields": {"inspectionID": 13, "gig": "Rifle Rack"}}, {"model": "ami.checklist", "pk": 5, "fields": {"inspectionID": 13, "gig": "Closet Organized"}}, {"model": "ami.checklist", "pk": 6, "fields": {"inspectionID": 14, "gig": "Uniforms (Coat Closet)"}}, {"model": "ami.checklist", "pk": 7, "fields": {"inspectionID": 14, "gig": "Rifle Rack"}}, {"model": "ami.checklist", "pk": 8, "fields": {"inspectionID": 14, "gig": "Closet Organized"}}, {"model": "ami.checklist", "pk": 9, "fields": {"inspectionID": 16, "gig": "Uniforms (Coat Closet)"}}, {"model": "ami.checklist", "pk": 10, "fields": {"inspectionID": 16, "gig": "Rifle Rack"}}, {"model": "ami.checklist", "pk": 11, "fields": {"inspectionID": 16, "gig": "Closet Organized"}}, {"model": "ami.checklist", "pk": 12, "fields": {"inspectionID": 18, "gig": "Other 3"}}, {"model": "ami.checklist", "pk": 13, "fields": {"inspectionID": 19, "gig": "Uniforms (Coat Closet)"}}, {"model": "ami.checklist", "pk": 14, "fields": {"inspectionID": 19, "gig": "Rifle Rack"}}, {"model": "ami.checklist", "pk": 15, "fields": {"inspectionID": 19, "gig": "Closet Organized"}}, {"model": "ami.checklist", "pk": 16, "fields": {"inspectionID": 19, "gig": "Sink/Mirror"}}, {"model": "ami.checklist", "pk": 17, "fields": {"inspectionID": 20, "gig": "Rifle Rack"}}, {"model": "ami.company", "pk": "A1", "fields": {}}, {"model": "ami.company", "pk": "A2", "fields": {}}, {"model": "ami.company", "pk": "A3", "fields": {}}, {"model": "ami.company", "pk": "A4", "fields": {}}, {"model": "ami.company", "pk": "B1", "fields": {}}, {"model": "ami.company", "pk": "B2", "fields": {}}, {"model": "ami.company", "pk": "B3", "fields": {}}, {"model": "ami.company", "pk": "B4", "fields": {}}, {"model": "ami.company", "pk": "C1", "fields": {}}, {"model": "ami.company", "pk": "C2", "fields": {}}, {"model": "ami.company", "pk": "C3", "fields": {}}, {"model": "ami.company", "pk": "C4", "fields": {}}, {"model": "ami.company", "pk": "D1", "fields": {}}, {"model": "ami.company", "pk": "D2", "fields": {}}, {"model": "ami.company", "pk": "D3", "fields": {}}, {"model": "ami.company", "pk": "D4", "fields": {}}, {"model": "ami.company", "pk": "E1", "fields": {}}, {"model": "ami.company", "pk": "E2", "fields": {}}, {"model": "ami.company", "pk": "E3", "fields": {}}, {"model": "ami.company", "pk": "E4", "fields": {}}, {"model": "ami.company", "pk": "F1", "fields": {}}, {"model": "ami.company", "pk": "F2", "fields": {}}, {"model": "ami.company", "pk": "F3", "fields": {}}, {"model": "ami.company", "pk": "F4", "fields": {}}, {"model": "ami.company", "pk": "G1", "fields": {}}, {"model": "ami.company", "pk": "G2", "fields": {}}, {"model": "ami.company", "pk": "G3", "fields": {}}, {"model": "ami.company", "pk": "G4", "fields": {}}, {"model": "ami.company", "pk": "H1", "fields": {}}, {"model": "ami.company", "pk": "H2", "fields": {}}, {"model": "ami.company", "pk": "H3", "fields": {}}, {"model": "ami.company", "pk": "H4", "fields": {}}, {"model": "ami.company", "pk": "I1", "fields": {}}, {"model": "ami.company", "pk": "I2", "fields": {}}, {"model": "ami.company", "pk": "I3", "fields": {}}, {"model": "ami.company", "pk": "I4", "fields": {}}, {"model": "ami.type", "pk": "Automatic Failure", "fields": {}}, {"model": "ami.type", "pk": "Bed Area", "fields": {}}, {"model": "ami.type", "pk": "Coat Closet", "fields": {}}, {"model": "ami.type", "pk": "Desk Area", "fields": {}}, {"model": "ami.type", "pk": "General Area", "fields": {}}, {"model": "ami.type", "pk": "Other", "fields": {}}, {"model": "ami.type", "pk": "Sink Area", "fields": {}}, {"model": "ami.type", "pk": "Wardrobe/Bureau", "fields": {}}, {"model": "contenttypes.contenttype", "pk": 1, "fields": {"app_label": "ami", "model": "barracks"}}, {"model": "contenttypes.contenttype", "pk": 2, "fields": {"app_label": "ami", "model": "cadet"}}, {"model": "contenttypes.contenttype", "pk": 3, "fields": {"app_label": "ami", "model": "checklist"}}, {"model": "contenttypes.contenttype", "pk": 4, "fields": {"app_label": "ami", "model": "company"}}, {"model": "contenttypes.contenttype", "pk": 5, "fields": {"app_label": "ami", "model": "gigchoice"}}, {"model": "contenttypes.contenttype", "pk": 6, "fields": {"app_label": "ami", "model": "inspection"}}, {"model": "contenttypes.contenttype", "pk": 7, "fields": {"app_label": "ami", "model": "position"}}, {"model": "contenttypes.contenttype", "pk": 8, "fields": {"app_label": "ami", "model": "type"}}, {"model": "contenttypes.contenttype", "pk": 9, "fields": {"app_label": "admin", "model": "logentry"}}, {"model": "contenttypes.contenttype", "pk": 10, "fields": {"app_label": "auth", "model": "permission"}}, {"model": "contenttypes.contenttype", "pk": 11, "fields": {"app_label": "auth", "model": "group"}}, {"model": "contenttypes.contenttype", "pk": 12, "fields": {"app_label": "auth", "model": "user"}}, {"model": "contenttypes.contenttype", "pk": 13, "fields": {"app_label": "contenttypes", "model": "contenttype"}}, {"model": "contenttypes.contenttype", "pk": 14, "fields": {"app_label": "sessions", "model": "session"}}, {"model": "contenttypes.contenttype", "pk": 15, "fields": {"app_label": "ami", "model": "profile"}}, {"model": "sessions.session", "pk": "39uij82bn1fi5yk59wkfyvkaxl94okdg", "fields": {"session_data": "NjBjNzlhNDAzM2QyOTljYTZmYzIwNjE0NWNkYWY0NDcyZTJiMDAyYTp7Il9hdXRoX3VzZXJfaWQiOiI2IiwiX2F1dGhfdXNlcl9iYWNrZW5kIjoiZGphbmdvLmNvbnRyaWIuYXV0aC5iYWNrZW5kcy5Nb2RlbEJhY2tlbmQiLCJfYXV0aF91c2VyX2hhc2giOiI0MzMyZDVlMGZmYmNmZmU5Njk0MmVjMTNlODUzNjI1OTdjMzkyN2I1In0=", "expire_date": "2019-04-09T15:13:44.496Z"}}, {"model": "sessions.session", "pk": "6q3nry84tn6mftdkahx9xeunqd6162kx", "fields": {"session_data": "YTg0M2NmNTkyOWY1MmM5NWYxNDU4ZTEwNzE0ZDA5YzJhMzMzZmQ5Mjp7fQ==", "expire_date": "2019-04-07T16:48:05.593Z"}}, {"model": "sessions.session", "pk": "foqymx6q71fpk0nnge0j2jex2zz43pgw", "fields": {"session_data": "YTg0M2NmNTkyOWY1MmM5NWYxNDU4ZTEwNzE0ZDA5YzJhMzMzZmQ5Mjp7fQ==", "expire_date": "2019-04-07T16:49:32.685Z"}}, {"model": "sessions.session", "pk": "u5m3c3uwujpkdlxs32w80ci4q6nd3wg2", "fields": {"session_data": "OGVmMmIxMjQ3Zjk2OTVkN2JiNWYzZTIxOTM0NzdjNjY0NWE5ZTc3NDp7Il9hdXRoX3VzZXJfaWQiOiI0IiwiX2F1dGhfdXNlcl9iYWNrZW5kIjoiZGphbmdvLmNvbnRyaWIuYXV0aC5iYWNrZW5kcy5Nb2RlbEJhY2tlbmQiLCJfYXV0aF91c2VyX2hhc2giOiJiMDRjNmQ5MWQzY2NiOWNkYzc0ZjU1ZDE4NjBlYmIzYjc2NTViYjk5In0=", "expire_date": "2019-04-07T20:47:58.870Z"}}, {"model": "sessions.session", "pk": "wdq819tded1q2t4v9qqeqtvgbgj52i8f", "fields": {"session_data": "NzQzODk3ZTAzODQ1Zjg2ZDE5ZGY0NmE1ZDZiZDUzMzExYjlmYTM3ODp7Il9hdXRoX3VzZXJfaWQiOiIxIiwiX2F1dGhfdXNlcl9iYWNrZW5kIjoiZGphbmdvLmNvbnRyaWIuYXV0aC5iYWNrZW5kcy5Nb2RlbEJhY2tlbmQiLCJfYXV0aF91c2VyX2hhc2giOiJlYzgyNjI1NDE2ZDM2YmQ0ODY0YzA5Y2E0ZjFkMjVjNzQ4MGEyYzJiIn0=", "expire_date": "2019-04-10T22:54:14.296Z"}}, {"model": "auth.permission", "pk": 1, "fields": {"name": "Can add barracks", "content_type": 1, "codename": "add_barracks"}}, {"model": "auth.permission", "pk": 2, "fields": {"name": "Can change barracks", "content_type": 1, "codename": "change_barracks"}}, {"model": "auth.permission", "pk": 3, "fields": {"name": "Can delete barracks", "content_type": 1, "codename": "delete_barracks"}}, {"model": "auth.permission", "pk": 4, "fields": {"name": "Can view barracks", "content_type": 1, "codename": "view_barracks"}}, {"model": "auth.permission", "pk": 5, "fields": {"name": "Can add cadet", "content_type": 2, "codename": "add_cadet"}}, {"model": "auth.permission", "pk": 6, "fields": {"name": "Can change cadet", "content_type": 2, "codename": "change_cadet"}}, {"model": "auth.permission", "pk": 7, "fields": {"name": "Can delete cadet", "content_type": 2, "codename": "delete_cadet"}}, {"model": "auth.permission", "pk": 8, "fields": {"name": "Can view cadet", "content_type": 2, "codename": "view_cadet"}}, {"model": "auth.permission", "pk": 9, "fields": {"name": "Can add checklist", "content_type": 3, "codename": "add_checklist"}}, {"model": "auth.permission", "pk": 10, "fields": {"name": "Can change checklist", "content_type": 3, "codename": "change_checklist"}}, {"model": "auth.permission", "pk": 11, "fields": {"name": "Can delete checklist", "content_type": 3, "codename": "delete_checklist"}}, {"model": "auth.permission", "pk": 12, "fields": {"name": "Can view checklist", "content_type": 3, "codename": "view_checklist"}}, {"model": "auth.permission", "pk": 13, "fields": {"name": "Can add company", "content_type": 4, "codename": "add_company"}}, {"model": "auth.permission", "pk": 14, "fields": {"name": "Can change company", "content_type": 4, "codename": "change_company"}}, {"model": "auth.permission", "pk": 15, "fields": {"name": "Can delete company", "content_type": 4, "codename": "delete_company"}}, {"model": "auth.permission", "pk": 16, "fields": {"name": "Can view company", "content_type": 4, "codename": "view_company"}}, {"model": "auth.permission", "pk": 17, "fields": {"name": "Can add gig choice", "content_type": 5, "codename": "add_gigchoice"}}, {"model": "auth.permission", "pk": 18, "fields": {"name": "Can change gig choice", "content_type": 5, "codename": "change_gigchoice"}}, {"model": "auth.permission", "pk": 19, "fields": {"name": "Can delete gig choice", "content_type": 5, "codename": "delete_gigchoice"}}, {"model": "auth.permission", "pk": 20, "fields": {"name": "Can view gig choice", "content_type": 5, "codename": "view_gigchoice"}}, {"model": "auth.permission", "pk": 21, "fields": {"name": "Can add inspection", "content_type": 6, "codename": "add_inspection"}}, {"model": "auth.permission", "pk": 22, "fields": {"name": "Can change inspection", "content_type": 6, "codename": "change_inspection"}}, {"model": "auth.permission", "pk": 23, "fields": {"name": "Can delete inspection", "content_type": 6, "codename": "delete_inspection"}}, {"model": "auth.permission", "pk": 24, "fields": {"name": "Can view inspection", "content_type": 6, "codename": "view_inspection"}}, {"model": "auth.permission", "pk": 25, "fields": {"name": "Can add position", "content_type": 7, "codename": "add_position"}}, {"model": "auth.permission", "pk": 26, "fields": {"name": "Can change position", "content_type": 7, "codename": "change_position"}}, {"model": "auth.permission", "pk": 27, "fields": {"name": "Can delete position", "content_type": 7, "codename": "delete_position"}}, {"model": "auth.permission", "pk": 28, "fields": {"name": "Can view position", "content_type": 7, "codename": "view_position"}}, {"model": "auth.permission", "pk": 29, "fields": {"name": "Can add type", "content_type": 8, "codename": "add_type"}}, {"model": "auth.permission", "pk": 30, "fields": {"name": "Can change type", "content_type": 8, "codename": "change_type"}}, {"model": "auth.permission", "pk": 31, "fields": {"name": "Can delete type", "content_type": 8, "codename": "delete_type"}}, {"model": "auth.permission", "pk": 32, "fields": {"name": "Can view type", "content_type": 8, "codename": "view_type"}}, {"model": "auth.permission", "pk": 33, "fields": {"name": "Can add log entry", "content_type": 9, "codename": "add_logentry"}}, {"model": "auth.permission", "pk": 34, "fields": {"name": "Can change log entry", "content_type": 9, "codename": "change_logentry"}}, {"model": "auth.permission", "pk": 35, "fields": {"name": "Can delete log entry", "content_type": 9, "codename": "delete_logentry"}}, {"model": "auth.permission", "pk": 36, "fields": {"name": "Can view log entry", "content_type": 9, "codename": "view_logentry"}}, {"model": "auth.permission", "pk": 37, "fields": {"name": "Can add permission", "content_type": 10, "codename": "add_permission"}}, {"model": "auth.permission", "pk": 38, "fields": {"name": "Can change permission", "content_type": 10, "codename": "change_permission"}}, {"model": "auth.permission", "pk": 39, "fields": {"name": "Can delete permission", "content_type": 10, "codename": "delete_permission"}}, {"model": "auth.permission", "pk": 40, "fields": {"name": "Can view permission", "content_type": 10, "codename": "view_permission"}}, {"model": "auth.permission", "pk": 41, "fields": {"name": "Can add group", "content_type": 11, "codename": "add_group"}}, {"model": "auth.permission", "pk": 42, "fields": {"name": "Can change group", "content_type": 11, "codename": "change_group"}}, {"model": "auth.permission", "pk": 43, "fields": {"name": "Can delete group", "content_type": 11, "codename": "delete_group"}}, {"model": "auth.permission", "pk": 44, "fields": {"name": "Can view group", "content_type": 11, "codename": "view_group"}}, {"model": "auth.permission", "pk": 45, "fields": {"name": "Can add user", "content_type": 12, "codename": "add_user"}}, {"model": "auth.permission", "pk": 46, "fields": {"name": "Can change user", "content_type": 12, "codename": "change_user"}}, {"model": "auth.permission", "pk": 47, "fields": {"name": "Can delete user", "content_type": 12, "codename": "delete_user"}}, {"model": "auth.permission", "pk": 48, "fields": {"name": "Can view user", "content_type": 12, "codename": "view_user"}}, {"model": "auth.permission", "pk": 49, "fields": {"name": "Can add content type", "content_type": 13, "codename": "add_contenttype"}}, {"model": "auth.permission", "pk": 50, "fields": {"name": "Can change content type", "content_type": 13, "codename": "change_contenttype"}}, {"model": "auth.permission", "pk": 51, "fields": {"name": "Can delete content type", "content_type": 13, "codename": "delete_contenttype"}}, {"model": "auth.permission", "pk": 52, "fields": {"name": "Can view content type", "content_type": 13, "codename": "view_contenttype"}}, {"model": "auth.permission", "pk": 53, "fields": {"name": "Can add session", "content_type": 14, "codename": "add_session"}}, {"model": "auth.permission", "pk": 54, "fields": {"name": "Can change session", "content_type": 14, "codename": "change_session"}}, {"model": "auth.permission", "pk": 55, "fields": {"name": "Can delete session", "content_type": 14, "codename": "delete_session"}}, {"model": "auth.permission", "pk": 56, "fields": {"name": "Can view session", "content_type": 14, "codename": "view_session"}}, {"model": "auth.permission", "pk": 57, "fields": {"name": "Can add profile", "content_type": 15, "codename": "add_profile"}}, {"model": "auth.permission", "pk": 58, "fields": {"name": "Can change profile", "content_type": 15, "codename": "change_profile"}}, {"model": "auth.permission", "pk": 59, "fields": {"name": "Can delete profile", "content_type": 15, "codename": "delete_profile"}}, {"model": "auth.permission", "pk": 60, "fields": {"name": "Can view profile", "content_type": 15, "codename": "view_profile"}}, {"model": "auth.user", "pk": 1, "fields": {"password": "pbkdf2_sha256$120000$hUhAT4OBk63T$DGrnkIRp1wih6FlcqjTUvYpMsVwMLrQm/jtqw1bsIYM=", "last_login": "2019-03-27T22:51:52.968Z", "is_superuser": true, "username": "admin", "first_name": "", "last_name": "", "email": "admin@example.com", "is_staff": true, "is_active": true, "date_joined": "2019-03-23T16:37:11.369Z", "groups": [], "user_permissions": []}}, {"model": "auth.user", "pk": 4, "fields": {"password": "pbkdf2_sha256$120000$ZpfjKXYD4d5F$MxMlEaoFGPI8dXalkqENJmmE7kMDzyzm1ko2jDDFNqA=", "last_login": "2019-03-27T20:33:31.656Z", "is_superuser": true, "username": "stevie", "first_name": "Stevie", "last_name": "Cilenti", "email": "steviecilenti@gmail.com", "is_staff": false, "is_active": true, "date_joined": "2019-03-24T16:52:24Z", "groups": [], "user_permissions": []}}, {"model": "auth.user", "pk": 5, "fields": {"password": "pbkdf2_sha256$120000$c7ldQJzzgQ3m$4j4cRaapjy7oXA5Upso8+d3670W47pTBmrFwr+iD000=", "last_login": "2019-03-25T14:16:01.513Z", "is_superuser": false, "username": "critter27", "first_name": "chris", "last_name": "ritter", "email": "christopher.ritter@westpoint.edu", "is_staff": false, "is_active": true, "date_joined": "2019-03-25T14:16:01.177Z", "groups": [], "user_permissions": []}}, {"model": "auth.user", "pk": 6, "fields": {"password": "pbkdf2_sha256$120000$TuVpsROpBpr3$LhXDSsRxw1GyNsBWJREzeQCxZSbC+Yo7YrvF0kV+hCM=", "last_login": "2019-03-26T15:13:20.478Z", "is_superuser": false, "username": "bill", "first_name": "Bill", "last_name": "Tiger", "email": "bill@email.com", "is_staff": false, "is_active": true, "date_joined": "2019-03-26T15:13:20.150Z", "groups": [], "user_permissions": []}}, {"model": "auth.user", "pk": 7, "fields": {"password": "pbkdf2_sha256$120000$f7deSeJE70Fb$hitQO3DgJ1MsO58f2Gvt8rYsZN2dTJm2X8oJHHZsP28=", "last_login": "2019-03-27T13:18:44.025Z", "is_superuser": false, "username": "sean", "first_name": "Sean", "last_name": "McClair", "email": "sean.mcclair@example.com", "is_staff": false, "is_active": true, "date_joined": "2019-03-27T13:18:43.708Z", "groups": [], "user_permissions": []}}, {"model": "auth.user", "pk": 8, "fields": {"password": "pbkdf2_sha256$120000$A3mflMz31MWp$1xs5PySzK7SMnWuLBs5G0vXJprdr9ovw27kD62AIOYY=", "last_login": "2019-03-27T13:48:24.971Z", "is_superuser": false, "username": "crain", "first_name": "Nicholas", "last_name": "Crain", "email": "nicholas.crain@example.com", "is_staff": false, "is_active": true, "date_joined": "2019-03-27T13:48:24.639Z", "groups": [], "user_permissions": []}}, {"model": "admin.logentry", "pk": 1, "fields": {"action_time": "2019-03-23T16:37:52.041Z", "user": 1, "content_type": 1, "object_id": "Grant", "object_repr": "Barracks object (Grant)", "action_flag": 1, "change_message": "[{\"added\": {}}]"}}, {"model": "admin.logentry", "pk": 2, "fields": {"action_time": "2019-03-23T16:37:56.964Z", "user": 1, "content_type": 1, "object_id": "Davis", "object_repr": "Barracks object (Davis)", "action_flag": 1, "change_message": "[{\"added\": {}}]"}}, {"model": "admin.logentry", "pk": 3, "fields": {"action_time": "2019-03-23T16:38:01.625Z", "user": 1, "content_type": 1, "object_id": "Pershing", "object_repr": "Barracks object (Pershing)", "action_flag": 1, "change_message": "[{\"added\": {}}]"}}, {"model": "admin.logentry", "pk": 4, "fields": {"action_time": "2019-03-23T16:38:03.892Z", "user": 1, "content_type": 1, "object_id": "Scott", "object_repr": "Barracks object (Scott)", "action_flag": 1, "change_message": "[{\"added\": {}}]"}}, {"model": "admin.logentry", "pk": 5, "fields": {"action_time": "2019-03-23T16:38:06.527Z", "user": 1, "content_type": 1, "object_id": "Lee", "object_repr": "Barracks object (Lee)", "action_flag": 1, "change_message": "[{\"added\": {}}]"}}, {"model": "admin.logentry", "pk": 6, "fields": {"action_time": "2019-03-23T16:38:12.444Z", "user": 1, "content_type": 1, "object_id": "Sherman", "object_repr": "Barracks object (Sherman)", "action_flag": 1, "change_message": "[{\"added\": {}}]"}}, {"model": "admin.logentry", "pk": 7, "fields": {"action_time": "2019-03-23T16:38:17.969Z", "user": 1, "content_type": 1, "object_id": "Mac", "object_repr": "Barracks object (Mac)", "action_flag": 1, "change_message": "[{\"added\": {}}]"}}, {"model": "admin.logentry", "pk": 8, "fields": {"action_time": "2019-03-23T16:38:22.579Z", "user": 1, "content_type": 1, "object_id": "Brad", "object_repr": "Barracks object (Brad)", "action_flag": 1, "change_message": "[{\"added\": {}}]"}}, {"model": "admin.logentry", "pk": 9, "fields": {"action_time": "2019-03-23T16:38:35.483Z", "user": 1, "content_type": 4, "object_id": "G3", "object_repr": "Company object (G3)", "action_flag": 1, "change_message": "[{\"added\": {}}]"}}, {"model": "admin.logentry", "pk": 10, "fields": {"action_time": "2019-03-23T16:38:56.001Z", "user": 1, "content_type": 7, "object_id": "Team Leader", "object_repr": "Position object (Team Leader)", "action_flag": 1, "change_message": "[{\"added\": {}}]"}}, {"model": "admin.logentry", "pk": 11, "fields": {"action_time": "2019-03-23T16:39:02.752Z", "user": 1, "content_type": 7, "object_id": "Squad Leader", "object_repr": "Position object (Squad Leader)", "action_flag": 1, "change_message": "[{\"added\": {}}]"}}, {"model": "admin.logentry", "pk": 12, "fields": {"action_time": "2019-03-23T16:39:09.086Z", "user": 1, "content_type": 7, "object_id": "Platoon Leader", "object_repr": "Position object (Platoon Leader)", "action_flag": 1, "change_message": "[{\"added\": {}}]"}}, {"model": "admin.logentry", "pk": 13, "fields": {"action_time": "2019-03-23T16:39:19.158Z", "user": 1, "content_type": 7, "object_id": "Company Commander", "object_repr": "Position object (Company Commander)", "action_flag": 1, "change_message": "[{\"added\": {}}]"}}, {"model": "admin.logentry", "pk": 14, "fields": {"action_time": "2019-03-23T16:39:51.494Z", "user": 1, "content_type": 8, "object_id": "Coat Closet", "object_repr": "Type object (Coat Closet)", "action_flag": 1, "change_message": "[{\"added\": {}}]"}}, {"model": "admin.logentry", "pk": 15, "fields": {"action_time": "2019-03-23T16:39:55.747Z", "user": 1, "content_type": 8, "object_id": "Sink Area", "object_repr": "Type object (Sink Area)", "action_flag": 1, "change_message": "[{\"added\": {}}]"}}, {"model": "admin.logentry", "pk": 16, "fields": {"action_time": "2019-03-23T16:39:58.409Z", "user": 1, "content_type": 8, "object_id": "Bed Area", "object_repr": "Type object (Bed Area)", "action_flag": 1, "change_message": "[{\"added\": {}}]"}}, {"model": "admin.logentry", "pk": 17, "fields": {"action_time": "2019-03-23T16:40:03.522Z", "user": 1, "content_type": 8, "object_id": "Desk Area", "object_repr": "Type object (Desk Area)", "action_flag": 1, "change_message": "[{\"added\": {}}]"}}, {"model": "admin.logentry", "pk": 18, "fields": {"action_time": "2019-03-23T16:40:10.563Z", "user": 1, "content_type": 8, "object_id": "Wardrobe/Bureau", "object_repr": "Type object (Wardrobe/Bureau)", "action_flag": 1, "change_message": "[{\"added\": {}}]"}}, {"model": "admin.logentry", "pk": 19, "fields": {"action_time": "2019-03-23T16:40:17.040Z", "user": 1, "content_type": 8, "object_id": "General Area", "object_repr": "Type object (General Area)", "action_flag": 1, "change_message": "[{\"added\": {}}]"}}, {"model": "admin.logentry", "pk": 20, "fields": {"action_time": "2019-03-23T16:40:22.512Z", "user": 1, "content_type": 8, "object_id": "Automatic Failure", "object_repr": "Type object (Automatic Failure)", "action_flag": 1, "change_message": "[{\"added\": {}}]"}}, {"model": "admin.logentry", "pk": 21, "fields": {"action_time": "2019-03-23T16:58:06.220Z", "user": 1, "content_type": 5, "object_id": "All issued items present IAW Standards of Cadet Living Areas (SCLA)\u2014in order: Raincoat, Long-O, Parka, Black Jacket, Gortex, ACU Fleece, IPFU Jacket, Bathrobe. All items displayed as worn.", "object_repr": "GigChoice object (All issued items present IAW Standards of Cadet Living Areas (SCLA)\u2014in order: Raincoat, Long-O, Parka, Black Jacket, Gortex, ACU Fleece, IPFU Jacket, Bathrobe. All items displayed as", "action_flag": 1, "change_message": "[{\"added\": {}}]"}}, {"model": "admin.logentry", "pk": 22, "fields": {"action_time": "2019-03-23T16:58:14.679Z", "user": 1, "content_type": 5, "object_id": "Sink, faucet, mirror and counter top free of any grime or smudges; stopper pulled up and sink dry (for AMI only).", "object_repr": "GigChoice object (Sink, faucet, mirror and counter top free of any grime or smudges; stopper pulled up and sink dry (for AMI only).)", "action_flag": 1, "change_message": "[{\"added\": {}}]"}}, {"model": "admin.logentry", "pk": 23, "fields": {"action_time": "2019-03-23T16:58:24.562Z", "user": 1, "content_type": 5, "object_id": "Medicine cabinet arranged neatly with no grime or smudges on shelves. Area beneath sink is neat and organized.", "object_repr": "GigChoice object (Medicine cabinet arranged neatly with no grime or smudges on shelves. Area beneath sink is neat and organized.)", "action_flag": 1, "change_message": "[{\"added\": {}}]"}}, {"model": "admin.logentry", "pk": 24, "fields": {"action_time": "2019-03-23T16:58:35.906Z", "user": 1, "content_type": 5, "object_id": "Floor is swept and all surfaces clean\u2014creating a professional military appearance.", "object_repr": "GigChoice object (Floor is swept and all surfaces clean\u2014creating a professional military appearance.)", "action_flag": 1, "change_message": "[{\"added\": {}}]"}}, {"model": "admin.logentry", "pk": 25, "fields": {"action_time": "2019-03-23T16:58:50.914Z", "user": 1, "content_type": 5, "object_id": "Closed door or sleeping during AMI", "object_repr": "GigChoice object (Closed door or sleeping during AMI)", "action_flag": 1, "change_message": "[{\"added\": {}}]"}}, {"model": "admin.logentry", "pk": 26, "fields": {"action_time": "2019-03-23T16:59:01.061Z", "user": 1, "content_type": 5, "object_id": "Unauthorized devices (WAP, X-Box, etc\u2026) connected to network.", "object_repr": "GigChoice object (Unauthorized devices (WAP, X-Box, etc\u2026) connected to network.)", "action_flag": 1, "change_message": "[{\"added\": {}}]"}}, {"model": "admin.logentry", "pk": 27, "fields": {"action_time": "2019-03-24T16:51:06.818Z", "user": 1, "content_type": 12, "object_id": "3", "object_repr": "bill", "action_flag": 3, "change_message": ""}}, {"model": "admin.logentry", "pk": 28, "fields": {"action_time": "2019-03-24T16:51:06.828Z", "user": 1, "content_type": 12, "object_id": "2", "object_repr": "stevie", "action_flag": 3, "change_message": ""}}, {"model": "admin.logentry", "pk": 29, "fields": {"action_time": "2019-03-25T15:34:26.034Z", "user": 1, "content_type": 5, "object_id": "Unauthorized devices (WAP, X-Box, etc\u2026) connected to network.", "object_repr": "GigChoice object (Unauthorized devices (WAP, X-Box, etc\u2026) connected to network.)", "action_flag": 3, "change_message": ""}}, {"model": "admin.logentry", "pk": 30, "fields": {"action_time": "2019-03-25T15:34:26.042Z", "user": 1, "content_type": 5, "object_id": "Sink, faucet, mirror and counter top free of any grime or smudges; stopper pulled up and sink dry (for AMI only).", "object_repr": "GigChoice object (Sink, faucet, mirror and counter top free of any grime or smudges; stopper pulled up and sink dry (for AMI only).)", "action_flag": 3, "change_message": ""}}, {"model": "admin.logentry", "pk": 31, "fields": {"action_time": "2019-03-25T15:34:26.054Z", "user": 1, "content_type": 5, "object_id": "Medicine cabinet arranged neatly with no grime or smudges on shelves. Area beneath sink is neat and organized.", "object_repr": "GigChoice object (Medicine cabinet arranged neatly with no grime or smudges on shelves. Area beneath sink is neat and organized.)", "action_flag": 3, "change_message": ""}}, {"model": "admin.logentry", "pk": 32, "fields": {"action_time": "2019-03-25T15:34:26.062Z", "user": 1, "content_type": 5, "object_id": "Floor is swept and all surfaces clean\u2014creating a professional military appearance.", "object_repr": "GigChoice object (Floor is swept and all surfaces clean\u2014creating a professional military appearance.)", "action_flag": 3, "change_message": ""}}, {"model": "admin.logentry", "pk": 33, "fields": {"action_time": "2019-03-25T15:34:26.070Z", "user": 1, "content_type": 5, "object_id": "Closed door or sleeping during AMI", "object_repr": "GigChoice object (Closed door or sleeping during AMI)", "action_flag": 3, "change_message": ""}}, {"model": "admin.logentry", "pk": 34, "fields": {"action_time": "2019-03-25T15:34:26.082Z", "user": 1, "content_type": 5, "object_id": "All issued items present IAW Standards of Cadet Living Areas (SCLA)\u2014in order: Raincoat, Long-O, Parka, Black Jacket, Gortex, ACU Fleece, IPFU Jacket, Bathrobe. All items displayed as worn.", "object_repr": "GigChoice object (All issued items present IAW Standards of Cadet Living Areas (SCLA)\u2014in order: Raincoat, Long-O, Parka, Black Jacket, Gortex, ACU Fleece, IPFU Jacket, Bathrobe. All items displayed as", "action_flag": 3, "change_message": ""}}, {"model": "admin.logentry", "pk": 35, "fields": {"action_time": "2019-03-25T15:34:47.623Z", "user": 1, "content_type": 6, "object_id": "10", "object_repr": "Inspection object (10)", "action_flag": 3, "change_message": ""}}, {"model": "admin.logentry", "pk": 36, "fields": {"action_time": "2019-03-25T15:34:47.631Z", "user": 1, "content_type": 6, "object_id": "9", "object_repr": "Inspection object (9)", "action_flag": 3, "change_message": ""}}, {"model": "admin.logentry", "pk": 37, "fields": {"action_time": "2019-03-25T15:34:47.643Z", "user": 1, "content_type": 6, "object_id": "8", "object_repr": "Inspection object (8)", "action_flag": 3, "change_message": ""}}, {"model": "admin.logentry", "pk": 38, "fields": {"action_time": "2019-03-25T15:34:47.655Z", "user": 1, "content_type": 6, "object_id": "7", "object_repr": "Inspection object (7)", "action_flag": 3, "change_message": ""}}, {"model": "admin.logentry", "pk": 39, "fields": {"action_time": "2019-03-25T15:34:47.667Z", "user": 1, "content_type": 6, "object_id": "6", "object_repr": "Inspection object (6)", "action_flag": 3, "change_message": ""}}, {"model": "admin.logentry", "pk": 40, "fields": {"action_time": "2019-03-25T15:34:47.683Z", "user": 1, "content_type": 6, "object_id": "5", "object_repr": "Inspection object (5)", "action_flag": 3, "change_message": ""}}, {"model": "admin.logentry", "pk": 41, "fields": {"action_time": "2019-03-25T15:34:47.695Z", "user": 1, "content_type": 6, "object_id": "4", "object_repr": "Inspection object (4)", "action_flag": 3, "change_message": ""}}, {"model": "admin.logentry", "pk": 42, "fields": {"action_time": "2019-03-25T15:34:47.707Z", "user": 1, "content_type": 6, "object_id": "3", "object_repr": "Inspection object (3)", "action_flag": 3, "change_message": ""}}, {"model": "admin.logentry", "pk": 43, "fields": {"action_time": "2019-03-25T15:34:47.719Z", "user": 1, "content_type": 6, "object_id": "2", "object_repr": "Inspection object (2)", "action_flag": 3, "change_message": ""}}, {"model": "admin.logentry", "pk": 44, "fields": {"action_time": "2019-03-25T15:34:47.735Z", "user": 1, "content_type": 6, "object_id": "1", "object_repr": "Inspection object (1)", "action_flag": 3, "change_message": ""}}, {"model": "admin.logentry", "pk": 45, "fields": {"action_time": "2019-03-25T16:33:36.852Z", "user": 1, "content_type": 5, "object_id": "Uniforms (Coat Closet)", "object_repr": "GigChoice object (Uniforms (Coat Closet))", "action_flag": 1, "change_message": "[{\"added\": {}}]"}}, {"model": "admin.logentry", "pk": 46, "fields": {"action_time": "2019-03-25T16:34:41.838Z", "user": 1, "content_type": 5, "object_id": "Shoes", "object_repr": "GigChoice object (Shoes)", "action_flag": 1, "change_message": "[{\"added\": {}}]"}}, {"model": "admin.logentry", "pk": 47, "fields": {"action_time": "2019-03-25T16:35:25.383Z", "user": 1, "content_type": 5, "object_id": "Rifle Rack", "object_repr": "GigChoice object (Rifle Rack)", "action_flag": 1, "change_message": "[{\"added\": {}}]"}}, {"model": "admin.logentry", "pk": 48, "fields": {"action_time": "2019-03-25T16:36:07.188Z", "user": 1, "content_type": 5, "object_id": "Sink/Mirror", "object_repr": "GigChoice object (Sink/Mirror)", "action_flag": 1, "change_message": "[{\"added\": {}}]"}}, {"model": "admin.logentry", "pk": 49, "fields": {"action_time": "2019-03-25T16:36:19.209Z", "user": 1, "content_type": 5, "object_id": "Rifle Rack", "object_repr": "GigChoice object (Rifle Rack)", "action_flag": 2, "change_message": "[{\"changed\": {\"fields\": [\"gigDesc\"]}}]"}}, {"model": "admin.logentry", "pk": 50, "fields": {"action_time": "2019-03-25T16:36:50.315Z", "user": 1, "content_type": 5, "object_id": "Medicine Cabinet", "object_repr": "GigChoice object (Medicine Cabinet)", "action_flag": 1, "change_message": "[{\"added\": {}}]"}}, {"model": "admin.logentry", "pk": 51, "fields": {"action_time": "2019-03-25T16:37:14.784Z", "user": 1, "content_type": 5, "object_id": "Laundry/Towels", "object_repr": "GigChoice object (Laundry/Towels)", "action_flag": 1, "change_message": "[{\"added\": {}}]"}}, {"model": "admin.logentry", "pk": 52, "fields": {"action_time": "2019-03-25T16:37:40.597Z", "user": 1, "content_type": 5, "object_id": "Trash", "object_repr": "GigChoice object (Trash)", "action_flag": 1, "change_message": "[{\"added\": {}}]"}}, {"model": "admin.logentry", "pk": 53, "fields": {"action_time": "2019-03-25T16:37:55.770Z", "user": 1, "content_type": 5, "object_id": "Bed Made", "object_repr": "GigChoice object (Bed Made)", "action_flag": 1, "change_message": "[{\"added\": {}}]"}}, {"model": "admin.logentry", "pk": 54, "fields": {"action_time": "2019-03-25T16:38:37.135Z", "user": 1, "content_type": 5, "object_id": "Bed Organized", "object_repr": "GigChoice object (Bed Organized)", "action_flag": 1, "change_message": "[{\"added\": {}}]"}}, {"model": "admin.logentry", "pk": 55, "fields": {"action_time": "2019-03-25T16:38:49.459Z", "user": 1, "content_type": 5, "object_id": "Closet Organized", "object_repr": "GigChoice object (Closet Organized)", "action_flag": 2, "change_message": "[{\"changed\": {\"fields\": [\"gigName\"]}}]"}}, {"model": "admin.logentry", "pk": 56, "fields": {"action_time": "2019-03-25T16:39:18.718Z", "user": 1, "content_type": 5, "object_id": "Shoes/Boots", "object_repr": "GigChoice object (Shoes/Boots)", "action_flag": 1, "change_message": "[{\"added\": {}}]"}}, {"model": "admin.logentry", "pk": 57, "fields": {"action_time": "2019-03-25T16:39:33.221Z", "user": 1, "content_type": 5, "object_id": "Closet Organized", "object_repr": "GigChoice object (Closet Organized)", "action_flag": 2, "change_message": "[{\"changed\": {\"fields\": [\"gigName\"]}}]"}}, {"model": "admin.logentry", "pk": 58, "fields": {"action_time": "2019-03-25T16:39:42.736Z", "user": 1, "content_type": 5, "object_id": "Closet Organized", "object_repr": "GigChoice object (Closet Organized)", "action_flag": 2, "change_message": "[]"}}, {"model": "admin.logentry", "pk": 59, "fields": {"action_time": "2019-03-25T16:39:47.123Z", "user": 1, "content_type": 5, "object_id": "Shoes", "object_repr": "GigChoice object (Shoes)", "action_flag": 3, "change_message": ""}}, {"model": "admin.logentry", "pk": 60, "fields": {"action_time": "2019-03-25T16:40:32.484Z", "user": 1, "content_type": 5, "object_id": "BAG Drawer", "object_repr": "GigChoice object (BAG Drawer)", "action_flag": 1, "change_message": "[{\"added\": {}}]"}}, {"model": "admin.logentry", "pk": 61, "fields": {"action_time": "2019-03-25T16:40:57.545Z", "user": 1, "content_type": 5, "object_id": "Uniforms (Wardrobe)", "object_repr": "GigChoice object (Uniforms (Wardrobe))", "action_flag": 1, "change_message": "[{\"added\": {}}]"}}, {"model": "admin.logentry", "pk": 62, "fields": {"action_time": "2019-03-25T16:41:11.337Z", "user": 1, "content_type": 5, "object_id": "Bureau", "object_repr": "GigChoice object (Bureau)", "action_flag": 1, "change_message": "[{\"added\": {}}]"}}, {"model": "admin.logentry", "pk": 63, "fields": {"action_time": "2019-03-25T16:41:25.327Z", "user": 1, "content_type": 5, "object_id": "Desk Organized", "object_repr": "GigChoice object (Desk Organized)", "action_flag": 1, "change_message": "[{\"added\": {}}]"}}, {"model": "admin.logentry", "pk": 64, "fields": {"action_time": "2019-03-25T16:41:43.012Z", "user": 1, "content_type": 5, "object_id": "Drawers", "object_repr": "GigChoice object (Drawers)", "action_flag": 1, "change_message": "[{\"added\": {}}]"}}, {"model": "admin.logentry", "pk": 65, "fields": {"action_time": "2019-03-25T16:42:28.883Z", "user": 1, "content_type": 5, "object_id": "Misc. Items", "object_repr": "GigChoice object (Misc. Items)", "action_flag": 1, "change_message": "[{\"added\": {}}]"}}, {"model": "admin.logentry", "pk": 66, "fields": {"action_time": "2019-03-25T16:42:42.600Z", "user": 1, "content_type": 5, "object_id": "Desk/Shelves", "object_repr": "GigChoice object (Desk/Shelves)", "action_flag": 2, "change_message": "[{\"changed\": {\"fields\": [\"gigName\"]}}]"}}, {"model": "admin.logentry", "pk": 67, "fields": {"action_time": "2019-03-25T16:43:06.794Z", "user": 1, "content_type": 5, "object_id": "Nametapes", "object_repr": "GigChoice object (Nametapes)", "action_flag": 1, "change_message": "[{\"added\": {}}]"}}, {"model": "admin.logentry", "pk": 68, "fields": {"action_time": "2019-03-25T16:43:21.474Z", "user": 1, "content_type": 5, "object_id": "HVI", "object_repr": "GigChoice object (HVI)", "action_flag": 1, "change_message": "[{\"added\": {}}]"}}, {"model": "admin.logentry", "pk": 69, "fields": {"action_time": "2019-03-25T16:43:37.378Z", "user": 1, "content_type": 5, "object_id": "Sweeping", "object_repr": "GigChoice object (Sweeping)", "action_flag": 1, "change_message": "[{\"added\": {}}]"}}, {"model": "admin.logentry", "pk": 70, "fields": {"action_time": "2019-03-25T16:44:03.933Z", "user": 1, "content_type": 5, "object_id": "Sleeping", "object_repr": "GigChoice object (Sleeping)", "action_flag": 1, "change_message": "[{\"added\": {}}]"}}, {"model": "admin.logentry", "pk": 71, "fields": {"action_time": "2019-03-25T16:44:41.459Z", "user": 1, "content_type": 5, "object_id": "Devices", "object_repr": "GigChoice object (Devices)", "action_flag": 1, "change_message": "[{\"added\": {}}]"}}, {"model": "admin.logentry", "pk": 72, "fields": {"action_time": "2019-03-25T17:16:37.930Z", "user": 1, "content_type": 8, "object_id": "Other", "object_repr": "Type object (Other)", "action_flag": 1, "change_message": "[{\"added\": {}}]"}}, {"model": "admin.logentry", "pk": 73, "fields": {"action_time": "2019-03-25T17:17:20.248Z", "user": 1, "content_type": 5, "object_id": "Other 1", "object_repr": "GigChoice object (Other 1)", "action_flag": 1, "change_message": "[{\"added\": {}}]"}}, {"model": "admin.logentry", "pk": 74, "fields": {"action_time": "2019-03-25T17:17:36.853Z", "user": 1, "content_type": 5, "object_id": "Other 2", "object_repr": "GigChoice object (Other 2)", "action_flag": 1, "change_message": "[{\"added\": {}}]"}}, {"model": "admin.logentry", "pk": 75, "fields": {"action_time": "2019-03-25T17:17:43.326Z", "user": 1, "content_type": 5, "object_id": "Other 3", "object_repr": "GigChoice object (Other 3)", "action_flag": 1, "change_message": "[{\"added\": {}}]"}}, {"model": "admin.logentry", "pk": 76, "fields": {"action_time": "2019-03-25T23:13:05.279Z", "user": 1, "content_type": 12, "object_id": "4", "object_repr": "stevie", "action_flag": 2, "change_message": "[{\"changed\": {\"fields\": [\"is_superuser\"]}}]"}}, {"model": "admin.logentry", "pk": 77, "fields": {"action_time": "2019-03-25T23:14:58.441Z", "user": 1, "content_type": 6, "object_id": "18", "object_repr": "Inspection object (18)", "action_flag": 2, "change_message": "[{\"changed\": {\"fields\": [\"date\", \"notes\"]}}]"}}, {"model": "admin.logentry", "pk": 78, "fields": {"action_time": "2019-03-25T23:15:05.061Z", "user": 1, "content_type": 6, "object_id": "17", "object_repr": "Inspection object (17)", "action_flag": 2, "change_message": "[{\"changed\": {\"fields\": [\"date\"]}}]"}}, {"model": "admin.logentry", "pk": 79, "fields": {"action_time": "2019-03-25T23:15:09.829Z", "user": 1, "content_type": 6, "object_id": "16", "object_repr": "Inspection object (16)", "action_flag": 2, "change_message": "[{\"changed\": {\"fields\": [\"date\"]}}]"}}, {"model": "admin.logentry", "pk": 80, "fields": {"action_time": "2019-03-25T23:15:13.131Z", "user": 1, "content_type": 6, "object_id": "16", "object_repr": "Inspection object (16)", "action_flag": 2, "change_message": "[]"}}, {"model": "admin.logentry", "pk": 81, "fields": {"action_time": "2019-03-25T23:15:17.672Z", "user": 1, "content_type": 6, "object_id": "15", "object_repr": "Inspection object (15)", "action_flag": 2, "change_message": "[{\"changed\": {\"fields\": [\"date\"]}}]"}}, {"model": "admin.logentry", "pk": 82, "fields": {"action_time": "2019-03-25T23:15:22.418Z", "user": 1, "content_type": 6, "object_id": "14", "object_repr": "Inspection object (14)", "action_flag": 2, "change_message": "[{\"changed\": {\"fields\": [\"date\"]}}]"}}, {"model": "admin.logentry", "pk": 83, "fields": {"action_time": "2019-03-25T23:15:32.813Z", "user": 1, "content_type": 6, "object_id": "13", "object_repr": "Inspection object (13)", "action_flag": 2, "change_message": "[{\"changed\": {\"fields\": [\"date\", \"notes\"]}}]"}}, {"model": "admin.logentry", "pk": 84, "fields": {"action_time": "2019-03-25T23:15:38.082Z", "user": 1, "content_type": 6, "object_id": "12", "object_repr": "Inspection object (12)", "action_flag": 2, "change_message": "[{\"changed\": {\"fields\": [\"date\"]}}]"}}, {"model": "admin.logentry", "pk": 85, "fields": {"action_time": "2019-03-25T23:15:45.585Z", "user": 1, "content_type": 6, "object_id": "11", "object_repr": "Inspection object (11)", "action_flag": 2, "change_message": "[{\"changed\": {\"fields\": [\"date\", \"notes\"]}}]"}}, {"model": "admin.logentry", "pk": 86, "fields": {"action_time": "2019-03-27T14:24:20.777Z", "user": 1, "content_type": 4, "object_id": "A1", "object_repr": "Company object (A1)", "action_flag": 1, "change_message": "[{\"added\": {}}]"}}, {"model": "admin.logentry", "pk": 87, "fields": {"action_time": "2019-03-27T14:24:22.922Z", "user": 1, "content_type": 4, "object_id": "A2", "object_repr": "Company object (A2)", "action_flag": 1, "change_message": "[{\"added\": {}}]"}}, {"model": "admin.logentry", "pk": 88, "fields": {"action_time": "2019-03-27T14:24:24.947Z", "user": 1, "content_type": 4, "object_id": "A3", "object_repr": "Company object (A3)", "action_flag": 1, "change_message": "[{\"added\": {}}]"}}, {"model": "admin.logentry", "pk": 89, "fields": {"action_time": "2019-03-27T14:24:29.290Z", "user": 1, "content_type": 4, "object_id": "A4", "object_repr": "Company object (A4)", "action_flag": 1, "change_message": "[{\"added\": {}}]"}}, {"model": "admin.logentry", "pk": 90, "fields": {"action_time": "2019-03-27T14:24:32.331Z", "user": 1, "content_type": 4, "object_id": "B1", "object_repr": "Company object (B1)", "action_flag": 1, "change_message": "[{\"added\": {}}]"}}, {"model": "admin.logentry", "pk": 91, "fields": {"action_time": "2019-03-27T14:24:34.603Z", "user": 1, "content_type": 4, "object_id": "B2", "object_repr": "Company object (B2)", "action_flag": 1, "change_message": "[{\"added\": {}}]"}}, {"model": "admin.logentry", "pk": 92, "fields": {"action_time": "2019-03-27T14:24:38.120Z", "user": 1, "content_type": 4, "object_id": "B3", "object_repr": "Company object (B3)", "action_flag": 1, "change_message": "[{\"added\": {}}]"}}, {"model": "admin.logentry", "pk": 93, "fields": {"action_time": "2019-03-27T14:24:40.590Z", "user": 1, "content_type": 4, "object_id": "B4", "object_repr": "Company object (B4)", "action_flag": 1, "change_message": "[{\"added\": {}}]"}}, {"model": "admin.logentry", "pk": 94, "fields": {"action_time": "2019-03-27T14:24:48.979Z", "user": 1, "content_type": 4, "object_id": "C1", "object_repr": "Company object (C1)", "action_flag": 1, "change_message": "[{\"added\": {}}]"}}, {"model": "admin.logentry", "pk": 95, "fields": {"action_time": "2019-03-27T14:24:50.794Z", "user": 1, "content_type": 4, "object_id": "C2", "object_repr": "Company object (C2)", "action_flag": 1, "change_message": "[{\"added\": {}}]"}}, {"model": "admin.logentry", "pk": 96, "fields": {"action_time": "2019-03-27T14:24:54.471Z", "user": 1, "content_type": 4, "object_id": "C3", "object_repr": "Company object (C3)", "action_flag": 1, "change_message": "[{\"added\": {}}]"}}, {"model": "admin.logentry", "pk": 97, "fields": {"action_time": "2019-03-27T14:24:56.825Z", "user": 1, "content_type": 4, "object_id": "C4", "object_repr": "Company object (C4)", "action_flag": 1, "change_message": "[{\"added\": {}}]"}}, {"model": "admin.logentry", "pk": 98, "fields": {"action_time": "2019-03-27T14:25:02.236Z", "user": 1, "content_type": 4, "object_id": "D1", "object_repr": "Company object (D1)", "action_flag": 1, "change_message": "[{\"added\": {}}]"}}, {"model": "admin.logentry", "pk": 99, "fields": {"action_time": "2019-03-27T14:25:04.202Z", "user": 1, "content_type": 4, "object_id": "D2", "object_repr": "Company object (D2)", "action_flag": 1, "change_message": "[{\"added\": {}}]"}}, {"model": "admin.logentry", "pk": 100, "fields": {"action_time": "2019-03-27T14:25:06.224Z", "user": 1, "content_type": 4, "object_id": "D3", "object_repr": "Company object (D3)", "action_flag": 1, "change_message": "[{\"added\": {}}]"}}, {"model": "admin.logentry", "pk": 101, "fields": {"action_time": "2019-03-27T14:25:08.623Z", "user": 1, "content_type": 4, "object_id": "D4", "object_repr": "Company object (D4)", "action_flag": 1, "change_message": "[{\"added\": {}}]"}}, {"model": "admin.logentry", "pk": 102, "fields": {"action_time": "2019-03-27T14:25:12.235Z", "user": 1, "content_type": 4, "object_id": "E1", "object_repr": "Company object (E1)", "action_flag": 1, "change_message": "[{\"added\": {}}]"}}, {"model": "admin.logentry", "pk": 103, "fields": {"action_time": "2019-03-27T14:25:13.965Z", "user": 1, "content_type": 4, "object_id": "E2", "object_repr": "Company object (E2)", "action_flag": 1, "change_message": "[{\"added\": {}}]"}}, {"model": "admin.logentry", "pk": 104, "fields": {"action_time": "2019-03-27T14:25:16.027Z", "user": 1, "content_type": 4, "object_id": "E3", "object_repr": "Company object (E3)", "action_flag": 1, "change_message": "[{\"added\": {}}]"}}, {"model": "admin.logentry", "pk": 105, "fields": {"action_time": "2019-03-27T14:25:17.658Z", "user": 1, "content_type": 4, "object_id": "E4", "object_repr": "Company object (E4)", "action_flag": 1, "change_message": "[{\"added\": {}}]"}}, {"model": "admin.logentry", "pk": 106, "fields": {"action_time": "2019-03-27T14:25:20.168Z", "user": 1, "content_type": 4, "object_id": "F1", "object_repr": "Company object (F1)", "action_flag": 1, "change_message": "[{\"added\": {}}]"}}, {"model": "admin.logentry", "pk": 107, "fields": {"action_time": "2019-03-27T14:25:21.580Z", "user": 1, "content_type": 4, "object_id": "F2", "object_repr": "Company object (F2)", "action_flag": 1, "change_message": "[{\"added\": {}}]"}}, {"model": "admin.logentry", "pk": 108, "fields": {"action_time": "2019-03-27T14:25:23.202Z", "user": 1, "content_type": 4, "object_id": "F3", "object_repr": "Company object (F3)", "action_flag": 1, "change_message": "[{\"added\": {}}]"}}, {"model": "admin.logentry", "pk": 109, "fields": {"action_time": "2019-03-27T14:25:24.527Z", "user": 1, "content_type": 4, "object_id": "F4", "object_repr": "Company object (F4)", "action_flag": 1, "change_message": "[{\"added\": {}}]"}}, {"model": "admin.logentry", "pk": 110, "fields": {"action_time": "2019-03-27T14:25:31.010Z", "user": 1, "content_type": 4, "object_id": "G1", "object_repr": "Company object (G1)", "action_flag": 1, "change_message": "[{\"added\": {}}]"}}, {"model": "admin.logentry", "pk": 111, "fields": {"action_time": "2019-03-27T14:25:32.229Z", "user": 1, "content_type": 4, "object_id": "G2", "object_repr": "Company object (G2)", "action_flag": 1, "change_message": "[{\"added\": {}}]"}}, {"model": "admin.logentry", "pk": 112, "fields": {"action_time": "2019-03-27T14:25:33.745Z", "user": 1, "content_type": 4, "object_id": "G4", "object_repr": "Company object (G4)", "action_flag": 1, "change_message": "[{\"added\": {}}]"}}, {"model": "admin.logentry", "pk": 113, "fields": {"action_time": "2019-03-27T14:25:36.692Z", "user": 1, "content_type": 4, "object_id": "H1", "object_repr": "Company object (H1)", "action_flag": 1, "change_message": "[{\"added\": {}}]"}}, {"model": "admin.logentry", "pk": 114, "fields": {"action_time": "2019-03-27T14:25:37.870Z", "user": 1, "content_type": 4, "object_id": "H2", "object_repr": "Company object (H2)", "action_flag": 1, "change_message": "[{\"added\": {}}]"}}, {"model": "admin.logentry", "pk": 115, "fields": {"action_time": "2019-03-27T14:25:40.591Z", "user": 1, "content_type": 4, "object_id": "H3", "object_repr": "Company object (H3)", "action_flag": 1, "change_message": "[{\"added\": {}}]"}}, {"model": "admin.logentry", "pk": 116, "fields": {"action_time": "2019-03-27T14:25:44.169Z", "user": 1, "content_type": 4, "object_id": "H4", "object_repr": "Company object (H4)", "action_flag": 1, "change_message": "[{\"added\": {}}]"}}, {"model": "admin.logentry", "pk": 117, "fields": {"action_time": "2019-03-27T14:25:47.505Z", "user": 1, "content_type": 4, "object_id": "I1", "object_repr": "Company object (I1)", "action_flag": 1, "change_message": "[{\"added\": {}}]"}}, {"model": "admin.logentry", "pk": 118, "fields": {"action_time": "2019-03-27T14:25:49.224Z", "user": 1, "content_type": 4, "object_id": "I3", "object_repr": "Company object (I3)", "action_flag": 1, "change_message": "[{\"added\": {}}]"}}, {"model": "admin.logentry", "pk": 119, "fields": {"action_time": "2019-03-27T14:25:51.854Z", "user": 1, "content_type": 4, "object_id": "I2", "object_repr": "Company object (I2)", "action_flag": 1, "change_message": "[{\"added\": {}}]"}}, {"model": "admin.logentry", "pk": 120, "fields": {"action_time": "2019-03-27T14:25:55.093Z", "user": 1, "content_type": 4, "object_id": "I4", "object_repr": "Company object (I4)", "action_flag": 1, "change_message": "[{\"added\": {}}]"}}, {"model": "admin.logentry", "pk": 121, "fields": {"action_time": "2019-03-27T22:53:54.525Z", "user": 1, "content_type": 7, "object_id": "MOS", "object_repr": "Position object (MOS)", "action_flag": 1, "change_message": "[{\"added\": {}}]"}}, {"model": "admin.logentry", "pk": 122, "fields": {"action_time": "2019-03-27T22:54:05.190Z", "user": 1, "content_type": 7, "object_id": "Staff", "object_repr": "Position object (Staff)", "action_flag": 1, "change_message": "[{\"added\": {}}]"}}, {"model": "admin.logentry", "pk": 123, "fields": {"action_time": "2019-03-27T22:54:14.205Z", "user": 1, "content_type": 7, "object_id": "Other", "object_repr": "Position object (Other)", "action_flag": 1, "change_message": "[{\"added\": {}}]"}}, {"model": "ami.inspection", "pk": 11, "fields": {"date": "2019-03-10", "room": 2020, "barracks": "Sherman", "status": "Fail", "gigs": 3, "inspector": 1, "notes": "\"\""}}, {"model": "ami.inspection", "pk": 12, "fields": {"date": "2019-03-17", "room": 222, "barracks": "Grant", "status": "Pass", "gigs": 0, "inspector": 1, "notes": "well"}}, {"model": "ami.inspection", "pk": 13, "fields": {"date": "2019-03-19", "room": 2033, "barracks": "Grant", "status": "Pass", "gigs": 2, "inspector": 4, "notes": "\"\""}}, {"model": "ami.inspection", "pk": 14, "fields": {"date": "2019-03-20", "room": 2033, "barracks": "Grant", "status": "Fail", "gigs": 3, "inspector": 4, "notes": "Horrible Room!"}}, {"model": "ami.inspection", "pk": 15, "fields": {"date": "2019-03-21", "room": 2033, "barracks": "Grant", "status": "PMI", "gigs": 0, "inspector": 4, "notes": "Good PMI"}}, {"model": "ami.inspection", "pk": 16, "fields": {"date": "2019-03-22", "room": 2033, "barracks": "Grant", "status": "Pass", "gigs": 3, "inspector": 4, "notes": "Decent, but close"}}, {"model": "ami.inspection", "pk": 17, "fields": {"date": "2019-03-23", "room": 2033, "barracks": "Grant", "status": "Pass", "gigs": 0, "inspector": 4, "notes": "Perfect"}}, {"model": "ami.inspection", "pk": 18, "fields": {"date": "2019-03-24", "room": 2033, "barracks": "Grant", "status": "PMI", "gigs": 1, "inspector": 4, "notes": "\"\""}}, {"model": "ami.inspection", "pk": 19, "fields": {"date": "2019-03-25", "room": 2033, "barracks": "Grant", "status": "Fail", "gigs": 4, "inspector": 4, "notes": "Last Failure"}}, {"model": "ami.inspection", "pk": 20, "fields": {"date": "2019-03-27", "room": 2033, "barracks": "Grant", "status": "PMI", "gigs": 1, "inspector": 7, "notes": "McClair Inspected"}}, {"model": "ami.profile", "pk": 1, "fields": {"room": 0, "barracks": "Grant", "squad": null, "platoon": null, "company": "G3", "position": "Company Commander"}}, {"model": "ami.profile", "pk": 4, "fields": {"room": 2033, "barracks": "Grant", "squad": 3, "platoon": 1, "company": "G3", "position": "Squad Leader"}}, {"model": "ami.profile", "pk": 5, "fields": {"room": null, "barracks": null, "squad": null, "platoon": null, "company": null, "position": null}}, {"model": "ami.profile", "pk": 6, "fields": {"room": null, "barracks": "Grant", "squad": null, "platoon": null, "company": "G3", "position": null}}, {"model": "ami.profile", "pk": 7, "fields": {"room": 2033, "barracks": "Grant", "squad": null, "platoon": null, "company": "G3", "position": "Company Commander"}}, {"model": "ami.profile", "pk": 8, "fields": {"room": 2034, "barracks": "Grant", "squad": 3, "platoon": 1, "company": "G3", "position": "Team Leader"}}]